directory,path,file,run,log_file_txt,time_sec
raiz,byte_level_memory.c,byte_level_memory.c,1,logs_brutos_cbmc/raiz.txt,0.3717
raiz,validacao_experimental.c,validacao_experimental.c,1,logs_brutos_cbmc/raiz.txt,0.0513
benchmark_com_assertions_alinhamento_natural_v4,benchmark_com_assertions_alinhamento_natural_v4/A_uint16_t_aligned.c,A_uint16_t_aligned.c,1,logs_brutos_cbmc/benchmark_com_assertions_alinhamento_natural_v4.txt,0.0723
benchmark_com_assertions_alinhamento_natural_v4,benchmark_com_assertions_alinhamento_natural_v4/A_uint16_t_misaligned.c,A_uint16_t_misaligned.c,1,logs_brutos_cbmc/benchmark_com_assertions_alinhamento_natural_v4.txt,0.0727
benchmark_com_assertions_alinhamento_natural_v4,benchmark_com_assertions_alinhamento_natural_v4/A_uint32_t_aligned.c,A_uint32_t_aligned.c,1,logs_brutos_cbmc/benchmark_com_assertions_alinhamento_natural_v4.txt,0.0552
benchmark_com_assertions_alinhamento_natural_v4,benchmark_com_assertions_alinhamento_natural_v4/A_uint32_t_misaligned.c,A_uint32_t_misaligned.c,1,logs_brutos_cbmc/benchmark_com_assertions_alinhamento_natural_v4.txt,0.0628
benchmark_com_assertions_alinhamento_natural_v4,benchmark_com_assertions_alinhamento_natural_v4/A_uint64_t_aligned.c,A_uint64_t_aligned.c,1,logs_brutos_cbmc/benchmark_com_assertions_alinhamento_natural_v4.txt,0.0582
benchmark_com_assertions_alinhamento_natural_v4,benchmark_com_assertions_alinhamento_natural_v4/A_uint64_t_misaligned.c,A_uint64_t_misaligned.c,1,logs_brutos_cbmc/benchmark_com_assertions_alinhamento_natural_v4.txt,0.0582
benchmark_com_assertions_alinhamento_natural_v4,benchmark_com_assertions_alinhamento_natural_v4/B_uint16_t_aligned.c,B_uint16_t_aligned.c,1,logs_brutos_cbmc/benchmark_com_assertions_alinhamento_natural_v4.txt,0.0612
benchmark_com_assertions_alinhamento_natural_v4,benchmark_com_assertions_alinhamento_natural_v4/B_uint16_t_misaligned.c,B_uint16_t_misaligned.c,1,logs_brutos_cbmc/benchmark_com_assertions_alinhamento_natural_v4.txt,0.0573
benchmark_com_assertions_alinhamento_natural_v4,benchmark_com_assertions_alinhamento_natural_v4/B_uint32_t_aligned.c,B_uint32_t_aligned.c,1,logs_brutos_cbmc/benchmark_com_assertions_alinhamento_natural_v4.txt,0.0595
benchmark_com_assertions_alinhamento_natural_v4,benchmark_com_assertions_alinhamento_natural_v4/B_uint32_t_misaligned.c,B_uint32_t_misaligned.c,1,logs_brutos_cbmc/benchmark_com_assertions_alinhamento_natural_v4.txt,0.062
benchmark_com_assertions_alinhamento_natural_v4,benchmark_com_assertions_alinhamento_natural_v4/B_uint64_t_aligned.c,B_uint64_t_aligned.c,1,logs_brutos_cbmc/benchmark_com_assertions_alinhamento_natural_v4.txt,0.0506
benchmark_com_assertions_alinhamento_natural_v4,benchmark_com_assertions_alinhamento_natural_v4/B_uint64_t_misaligned.c,B_uint64_t_misaligned.c,1,logs_brutos_cbmc/benchmark_com_assertions_alinhamento_natural_v4.txt,0.0562
benchmark_com_assertions_alinhamento_natural_v4,benchmark_com_assertions_alinhamento_natural_v4/C_uint16_t_aligned.c,C_uint16_t_aligned.c,1,logs_brutos_cbmc/benchmark_com_assertions_alinhamento_natural_v4.txt,0.055
benchmark_com_assertions_alinhamento_natural_v4,benchmark_com_assertions_alinhamento_natural_v4/C_uint16_t_misaligned.c,C_uint16_t_misaligned.c,1,logs_brutos_cbmc/benchmark_com_assertions_alinhamento_natural_v4.txt,0.0594
benchmark_com_assertions_alinhamento_natural_v4,benchmark_com_assertions_alinhamento_natural_v4/C_uint32_t_aligned.c,C_uint32_t_aligned.c,1,logs_brutos_cbmc/benchmark_com_assertions_alinhamento_natural_v4.txt,0.0606
benchmark_com_assertions_alinhamento_natural_v4,benchmark_com_assertions_alinhamento_natural_v4/C_uint32_t_misaligned.c,C_uint32_t_misaligned.c,1,logs_brutos_cbmc/benchmark_com_assertions_alinhamento_natural_v4.txt,0.0597
benchmark_com_assertions_alinhamento_natural_v4,benchmark_com_assertions_alinhamento_natural_v4/C_uint64_t_aligned.c,C_uint64_t_aligned.c,1,logs_brutos_cbmc/benchmark_com_assertions_alinhamento_natural_v4.txt,0.0591
benchmark_com_assertions_alinhamento_natural_v4,benchmark_com_assertions_alinhamento_natural_v4/C_uint64_t_misaligned.c,C_uint64_t_misaligned.c,1,logs_brutos_cbmc/benchmark_com_assertions_alinhamento_natural_v4.txt,0.0583
benchmark_com_assertions_alinhamento_natural_v4,benchmark_com_assertions_alinhamento_natural_v4/D_uint16_t_aligned.c,D_uint16_t_aligned.c,1,logs_brutos_cbmc/benchmark_com_assertions_alinhamento_natural_v4.txt,0.06
benchmark_com_assertions_alinhamento_natural_v4,benchmark_com_assertions_alinhamento_natural_v4/D_uint16_t_misaligned.c,D_uint16_t_misaligned.c,1,logs_brutos_cbmc/benchmark_com_assertions_alinhamento_natural_v4.txt,0.0598
benchmark_com_assertions_alinhamento_natural_v4,benchmark_com_assertions_alinhamento_natural_v4/D_uint32_t_aligned.c,D_uint32_t_aligned.c,1,logs_brutos_cbmc/benchmark_com_assertions_alinhamento_natural_v4.txt,0.0635
benchmark_com_assertions_alinhamento_natural_v4,benchmark_com_assertions_alinhamento_natural_v4/D_uint32_t_misaligned.c,D_uint32_t_misaligned.c,1,logs_brutos_cbmc/benchmark_com_assertions_alinhamento_natural_v4.txt,0.0532
benchmark_com_assertions_alinhamento_natural_v4,benchmark_com_assertions_alinhamento_natural_v4/D_uint64_t_aligned.c,D_uint64_t_aligned.c,1,logs_brutos_cbmc/benchmark_com_assertions_alinhamento_natural_v4.txt,0.0578
benchmark_com_assertions_alinhamento_natural_v4,benchmark_com_assertions_alinhamento_natural_v4/D_uint64_t_misaligned.c,D_uint64_t_misaligned.c,1,logs_brutos_cbmc/benchmark_com_assertions_alinhamento_natural_v4.txt,0.056
benchmark_com_assertions_alinhamento_natural_v4,benchmark_com_assertions_alinhamento_natural_v4/E_uint16_t_aligned.c,E_uint16_t_aligned.c,1,logs_brutos_cbmc/benchmark_com_assertions_alinhamento_natural_v4.txt,0.061
benchmark_com_assertions_alinhamento_natural_v4,benchmark_com_assertions_alinhamento_natural_v4/E_uint16_t_misaligned.c,E_uint16_t_misaligned.c,1,logs_brutos_cbmc/benchmark_com_assertions_alinhamento_natural_v4.txt,0.073
benchmark_com_assertions_alinhamento_natural_v4,benchmark_com_assertions_alinhamento_natural_v4/E_uint32_t_aligned.c,E_uint32_t_aligned.c,1,logs_brutos_cbmc/benchmark_com_assertions_alinhamento_natural_v4.txt,0.0491
benchmark_com_assertions_alinhamento_natural_v4,benchmark_com_assertions_alinhamento_natural_v4/E_uint32_t_misaligned.c,E_uint32_t_misaligned.c,1,logs_brutos_cbmc/benchmark_com_assertions_alinhamento_natural_v4.txt,0.0513
benchmark_com_assertions_alinhamento_natural_v4,benchmark_com_assertions_alinhamento_natural_v4/E_uint64_t_aligned.c,E_uint64_t_aligned.c,1,logs_brutos_cbmc/benchmark_com_assertions_alinhamento_natural_v4.txt,0.0559
benchmark_com_assertions_alinhamento_natural_v4,benchmark_com_assertions_alinhamento_natural_v4/E_uint64_t_misaligned.c,E_uint64_t_misaligned.c,1,logs_brutos_cbmc/benchmark_com_assertions_alinhamento_natural_v4.txt,0.0818
benchmark_com_assertions_alinhamento_natural_v4,benchmark_com_assertions_alinhamento_natural_v4/F_uint16_t_aligned.c,F_uint16_t_aligned.c,1,logs_brutos_cbmc/benchmark_com_assertions_alinhamento_natural_v4.txt,0.0563
benchmark_com_assertions_alinhamento_natural_v4,benchmark_com_assertions_alinhamento_natural_v4/F_uint16_t_misaligned.c,F_uint16_t_misaligned.c,1,logs_brutos_cbmc/benchmark_com_assertions_alinhamento_natural_v4.txt,0.0606
benchmark_com_assertions_alinhamento_natural_v4,benchmark_com_assertions_alinhamento_natural_v4/F_uint32_t_aligned.c,F_uint32_t_aligned.c,1,logs_brutos_cbmc/benchmark_com_assertions_alinhamento_natural_v4.txt,0.0628
benchmark_com_assertions_alinhamento_natural_v4,benchmark_com_assertions_alinhamento_natural_v4/F_uint32_t_misaligned.c,F_uint32_t_misaligned.c,1,logs_brutos_cbmc/benchmark_com_assertions_alinhamento_natural_v4.txt,0.0574
benchmark_com_assertions_alinhamento_natural_v4,benchmark_com_assertions_alinhamento_natural_v4/F_uint64_t_aligned.c,F_uint64_t_aligned.c,1,logs_brutos_cbmc/benchmark_com_assertions_alinhamento_natural_v4.txt,0.0572
benchmark_com_assertions_alinhamento_natural_v4,benchmark_com_assertions_alinhamento_natural_v4/F_uint64_t_misaligned.c,F_uint64_t_misaligned.c,1,logs_brutos_cbmc/benchmark_com_assertions_alinhamento_natural_v4.txt,0.0595
benchmark_com_assertions_alinhamento_natural_v4,benchmark_com_assertions_alinhamento_natural_v4/G_uint16_t_aligned.c,G_uint16_t_aligned.c,1,logs_brutos_cbmc/benchmark_com_assertions_alinhamento_natural_v4.txt,0.0602
benchmark_com_assertions_alinhamento_natural_v4,benchmark_com_assertions_alinhamento_natural_v4/G_uint16_t_misaligned.c,G_uint16_t_misaligned.c,1,logs_brutos_cbmc/benchmark_com_assertions_alinhamento_natural_v4.txt,0.0604
benchmark_com_assertions_alinhamento_natural_v4,benchmark_com_assertions_alinhamento_natural_v4/G_uint32_t_aligned.c,G_uint32_t_aligned.c,1,logs_brutos_cbmc/benchmark_com_assertions_alinhamento_natural_v4.txt,0.0637
benchmark_com_assertions_alinhamento_natural_v4,benchmark_com_assertions_alinhamento_natural_v4/G_uint32_t_misaligned.c,G_uint32_t_misaligned.c,1,logs_brutos_cbmc/benchmark_com_assertions_alinhamento_natural_v4.txt,0.0616
benchmark_com_assertions_alinhamento_natural_v4,benchmark_com_assertions_alinhamento_natural_v4/G_uint64_t_aligned.c,G_uint64_t_aligned.c,1,logs_brutos_cbmc/benchmark_com_assertions_alinhamento_natural_v4.txt,0.0619
benchmark_com_assertions_alinhamento_natural_v4,benchmark_com_assertions_alinhamento_natural_v4/G_uint64_t_misaligned.c,G_uint64_t_misaligned.c,1,logs_brutos_cbmc/benchmark_com_assertions_alinhamento_natural_v4.txt,0.0587
benchmark_com_assertions_alinhamento_natural_v4,benchmark_com_assertions_alinhamento_natural_v4/H_uint16_t_aligned.c,H_uint16_t_aligned.c,1,logs_brutos_cbmc/benchmark_com_assertions_alinhamento_natural_v4.txt,0.0563
benchmark_com_assertions_alinhamento_natural_v4,benchmark_com_assertions_alinhamento_natural_v4/H_uint16_t_misaligned.c,H_uint16_t_misaligned.c,1,logs_brutos_cbmc/benchmark_com_assertions_alinhamento_natural_v4.txt,0.0569
benchmark_com_assertions_alinhamento_natural_v4,benchmark_com_assertions_alinhamento_natural_v4/H_uint32_t_aligned.c,H_uint32_t_aligned.c,1,logs_brutos_cbmc/benchmark_com_assertions_alinhamento_natural_v4.txt,0.0571
benchmark_com_assertions_alinhamento_natural_v4,benchmark_com_assertions_alinhamento_natural_v4/H_uint32_t_misaligned.c,H_uint32_t_misaligned.c,1,logs_brutos_cbmc/benchmark_com_assertions_alinhamento_natural_v4.txt,0.0597
benchmark_com_assertions_alinhamento_natural_v4,benchmark_com_assertions_alinhamento_natural_v4/H_uint64_t_aligned.c,H_uint64_t_aligned.c,1,logs_brutos_cbmc/benchmark_com_assertions_alinhamento_natural_v4.txt,0.0627
benchmark_com_assertions_alinhamento_natural_v4,benchmark_com_assertions_alinhamento_natural_v4/H_uint64_t_misaligned.c,H_uint64_t_misaligned.c,1,logs_brutos_cbmc/benchmark_com_assertions_alinhamento_natural_v4.txt,0.0608
benchmark_com_assertions_alinhamento_natural_v4,benchmark_com_assertions_alinhamento_natural_v4/I_uint16_t_aligned.c,I_uint16_t_aligned.c,1,logs_brutos_cbmc/benchmark_com_assertions_alinhamento_natural_v4.txt,0.0654
benchmark_com_assertions_alinhamento_natural_v4,benchmark_com_assertions_alinhamento_natural_v4/I_uint16_t_misaligned.c,I_uint16_t_misaligned.c,1,logs_brutos_cbmc/benchmark_com_assertions_alinhamento_natural_v4.txt,0.0519
benchmark_com_assertions_alinhamento_natural_v4,benchmark_com_assertions_alinhamento_natural_v4/I_uint32_t_aligned.c,I_uint32_t_aligned.c,1,logs_brutos_cbmc/benchmark_com_assertions_alinhamento_natural_v4.txt,0.0556
benchmark_com_assertions_alinhamento_natural_v4,benchmark_com_assertions_alinhamento_natural_v4/I_uint32_t_misaligned.c,I_uint32_t_misaligned.c,1,logs_brutos_cbmc/benchmark_com_assertions_alinhamento_natural_v4.txt,0.0619
benchmark_com_assertions_alinhamento_natural_v4,benchmark_com_assertions_alinhamento_natural_v4/I_uint64_t_aligned.c,I_uint64_t_aligned.c,1,logs_brutos_cbmc/benchmark_com_assertions_alinhamento_natural_v4.txt,0.0637
benchmark_com_assertions_alinhamento_natural_v4,benchmark_com_assertions_alinhamento_natural_v4/I_uint64_t_misaligned.c,I_uint64_t_misaligned.c,1,logs_brutos_cbmc/benchmark_com_assertions_alinhamento_natural_v4.txt,0.059
benchmark_com_assertions_alinhamento_natural_v4,benchmark_com_assertions_alinhamento_natural_v4/J_uint16_t_aligned.c,J_uint16_t_aligned.c,1,logs_brutos_cbmc/benchmark_com_assertions_alinhamento_natural_v4.txt,0.0572
benchmark_com_assertions_alinhamento_natural_v4,benchmark_com_assertions_alinhamento_natural_v4/J_uint16_t_misaligned.c,J_uint16_t_misaligned.c,1,logs_brutos_cbmc/benchmark_com_assertions_alinhamento_natural_v4.txt,0.0474
benchmark_com_assertions_alinhamento_natural_v4,benchmark_com_assertions_alinhamento_natural_v4/J_uint32_t_aligned.c,J_uint32_t_aligned.c,1,logs_brutos_cbmc/benchmark_com_assertions_alinhamento_natural_v4.txt,0.0515
benchmark_com_assertions_alinhamento_natural_v4,benchmark_com_assertions_alinhamento_natural_v4/J_uint32_t_misaligned.c,J_uint32_t_misaligned.c,1,logs_brutos_cbmc/benchmark_com_assertions_alinhamento_natural_v4.txt,0.0499
benchmark_com_assertions_alinhamento_natural_v4,benchmark_com_assertions_alinhamento_natural_v4/J_uint64_t_aligned.c,J_uint64_t_aligned.c,1,logs_brutos_cbmc/benchmark_com_assertions_alinhamento_natural_v4.txt,0.0578
benchmark_com_assertions_alinhamento_natural_v4,benchmark_com_assertions_alinhamento_natural_v4/J_uint64_t_misaligned.c,J_uint64_t_misaligned.c,1,logs_brutos_cbmc/benchmark_com_assertions_alinhamento_natural_v4.txt,0.0505
benchmark_sem_assertions_com_alinhamento_explicito_v4,benchmark_sem_assertions_com_alinhamento_explicito_v4/A_uint16_t_aligned.c,A_uint16_t_aligned.c,1,logs_brutos_cbmc/benchmark_sem_assertions_com_alinhamento_explicito_v4.txt,0.038
benchmark_sem_assertions_com_alinhamento_explicito_v4,benchmark_sem_assertions_com_alinhamento_explicito_v4/A_uint16_t_misaligned.c,A_uint16_t_misaligned.c,1,logs_brutos_cbmc/benchmark_sem_assertions_com_alinhamento_explicito_v4.txt,0.0499
benchmark_sem_assertions_com_alinhamento_explicito_v4,benchmark_sem_assertions_com_alinhamento_explicito_v4/A_uint32_t_aligned.c,A_uint32_t_aligned.c,1,logs_brutos_cbmc/benchmark_sem_assertions_com_alinhamento_explicito_v4.txt,0.0513
benchmark_sem_assertions_com_alinhamento_explicito_v4,benchmark_sem_assertions_com_alinhamento_explicito_v4/A_uint32_t_misaligned.c,A_uint32_t_misaligned.c,1,logs_brutos_cbmc/benchmark_sem_assertions_com_alinhamento_explicito_v4.txt,0.051
benchmark_sem_assertions_com_alinhamento_explicito_v4,benchmark_sem_assertions_com_alinhamento_explicito_v4/A_uint64_t_aligned.c,A_uint64_t_aligned.c,1,logs_brutos_cbmc/benchmark_sem_assertions_com_alinhamento_explicito_v4.txt,0.0527
benchmark_sem_assertions_com_alinhamento_explicito_v4,benchmark_sem_assertions_com_alinhamento_explicito_v4/A_uint64_t_misaligned.c,A_uint64_t_misaligned.c,1,logs_brutos_cbmc/benchmark_sem_assertions_com_alinhamento_explicito_v4.txt,0.0561
benchmark_sem_assertions_com_alinhamento_explicito_v4,benchmark_sem_assertions_com_alinhamento_explicito_v4/B_uint16_t_aligned.c,B_uint16_t_aligned.c,1,logs_brutos_cbmc/benchmark_sem_assertions_com_alinhamento_explicito_v4.txt,0.0367
benchmark_sem_assertions_com_alinhamento_explicito_v4,benchmark_sem_assertions_com_alinhamento_explicito_v4/B_uint16_t_misaligned.c,B_uint16_t_misaligned.c,1,logs_brutos_cbmc/benchmark_sem_assertions_com_alinhamento_explicito_v4.txt,0.0385
benchmark_sem_assertions_com_alinhamento_explicito_v4,benchmark_sem_assertions_com_alinhamento_explicito_v4/B_uint32_t_aligned.c,B_uint32_t_aligned.c,1,logs_brutos_cbmc/benchmark_sem_assertions_com_alinhamento_explicito_v4.txt,0.0392
benchmark_sem_assertions_com_alinhamento_explicito_v4,benchmark_sem_assertions_com_alinhamento_explicito_v4/B_uint32_t_misaligned.c,B_uint32_t_misaligned.c,1,logs_brutos_cbmc/benchmark_sem_assertions_com_alinhamento_explicito_v4.txt,0.0485
benchmark_sem_assertions_com_alinhamento_explicito_v4,benchmark_sem_assertions_com_alinhamento_explicito_v4/B_uint64_t_aligned.c,B_uint64_t_aligned.c,1,logs_brutos_cbmc/benchmark_sem_assertions_com_alinhamento_explicito_v4.txt,0.041
benchmark_sem_assertions_com_alinhamento_explicito_v4,benchmark_sem_assertions_com_alinhamento_explicito_v4/B_uint64_t_misaligned.c,B_uint64_t_misaligned.c,1,logs_brutos_cbmc/benchmark_sem_assertions_com_alinhamento_explicito_v4.txt,0.0483
benchmark_sem_assertions_com_alinhamento_explicito_v4,benchmark_sem_assertions_com_alinhamento_explicito_v4/C_uint16_t_aligned.c,C_uint16_t_aligned.c,1,logs_brutos_cbmc/benchmark_sem_assertions_com_alinhamento_explicito_v4.txt,0.0372
benchmark_sem_assertions_com_alinhamento_explicito_v4,benchmark_sem_assertions_com_alinhamento_explicito_v4/C_uint16_t_misaligned.c,C_uint16_t_misaligned.c,1,logs_brutos_cbmc/benchmark_sem_assertions_com_alinhamento_explicito_v4.txt,0.042
benchmark_sem_assertions_com_alinhamento_explicito_v4,benchmark_sem_assertions_com_alinhamento_explicito_v4/C_uint32_t_aligned.c,C_uint32_t_aligned.c,1,logs_brutos_cbmc/benchmark_sem_assertions_com_alinhamento_explicito_v4.txt,0.0527
benchmark_sem_assertions_com_alinhamento_explicito_v4,benchmark_sem_assertions_com_alinhamento_explicito_v4/C_uint32_t_misaligned.c,C_uint32_t_misaligned.c,1,logs_brutos_cbmc/benchmark_sem_assertions_com_alinhamento_explicito_v4.txt,0.0523
benchmark_sem_assertions_com_alinhamento_explicito_v4,benchmark_sem_assertions_com_alinhamento_explicito_v4/C_uint64_t_aligned.c,C_uint64_t_aligned.c,1,logs_brutos_cbmc/benchmark_sem_assertions_com_alinhamento_explicito_v4.txt,0.0499
benchmark_sem_assertions_com_alinhamento_explicito_v4,benchmark_sem_assertions_com_alinhamento_explicito_v4/C_uint64_t_misaligned.c,C_uint64_t_misaligned.c,1,logs_brutos_cbmc/benchmark_sem_assertions_com_alinhamento_explicito_v4.txt,0.051
benchmark_sem_assertions_com_alinhamento_explicito_v4,benchmark_sem_assertions_com_alinhamento_explicito_v4/D_uint16_t_aligned.c,D_uint16_t_aligned.c,1,logs_brutos_cbmc/benchmark_sem_assertions_com_alinhamento_explicito_v4.txt,0.0526
benchmark_sem_assertions_com_alinhamento_explicito_v4,benchmark_sem_assertions_com_alinhamento_explicito_v4/D_uint16_t_misaligned.c,D_uint16_t_misaligned.c,1,logs_brutos_cbmc/benchmark_sem_assertions_com_alinhamento_explicito_v4.txt,0.0475
benchmark_sem_assertions_com_alinhamento_explicito_v4,benchmark_sem_assertions_com_alinhamento_explicito_v4/D_uint32_t_aligned.c,D_uint32_t_aligned.c,1,logs_brutos_cbmc/benchmark_sem_assertions_com_alinhamento_explicito_v4.txt,0.0401
benchmark_sem_assertions_com_alinhamento_explicito_v4,benchmark_sem_assertions_com_alinhamento_explicito_v4/D_uint32_t_misaligned.c,D_uint32_t_misaligned.c,1,logs_brutos_cbmc/benchmark_sem_assertions_com_alinhamento_explicito_v4.txt,0.0415
benchmark_sem_assertions_com_alinhamento_explicito_v4,benchmark_sem_assertions_com_alinhamento_explicito_v4/D_uint64_t_aligned.c,D_uint64_t_aligned.c,1,logs_brutos_cbmc/benchmark_sem_assertions_com_alinhamento_explicito_v4.txt,0.0373
benchmark_sem_assertions_com_alinhamento_explicito_v4,benchmark_sem_assertions_com_alinhamento_explicito_v4/D_uint64_t_misaligned.c,D_uint64_t_misaligned.c,1,logs_brutos_cbmc/benchmark_sem_assertions_com_alinhamento_explicito_v4.txt,0.0445
benchmark_sem_assertions_com_alinhamento_explicito_v4,benchmark_sem_assertions_com_alinhamento_explicito_v4/E_uint16_t_aligned.c,E_uint16_t_aligned.c,1,logs_brutos_cbmc/benchmark_sem_assertions_com_alinhamento_explicito_v4.txt,0.0564
benchmark_sem_assertions_com_alinhamento_explicito_v4,benchmark_sem_assertions_com_alinhamento_explicito_v4/E_uint16_t_misaligned.c,E_uint16_t_misaligned.c,1,logs_brutos_cbmc/benchmark_sem_assertions_com_alinhamento_explicito_v4.txt,0.0557
benchmark_sem_assertions_com_alinhamento_explicito_v4,benchmark_sem_assertions_com_alinhamento_explicito_v4/E_uint32_t_aligned.c,E_uint32_t_aligned.c,1,logs_brutos_cbmc/benchmark_sem_assertions_com_alinhamento_explicito_v4.txt,0.0484
benchmark_sem_assertions_com_alinhamento_explicito_v4,benchmark_sem_assertions_com_alinhamento_explicito_v4/E_uint32_t_misaligned.c,E_uint32_t_misaligned.c,1,logs_brutos_cbmc/benchmark_sem_assertions_com_alinhamento_explicito_v4.txt,0.0368
benchmark_sem_assertions_com_alinhamento_explicito_v4,benchmark_sem_assertions_com_alinhamento_explicito_v4/E_uint64_t_aligned.c,E_uint64_t_aligned.c,1,logs_brutos_cbmc/benchmark_sem_assertions_com_alinhamento_explicito_v4.txt,0.0396
benchmark_sem_assertions_com_alinhamento_explicito_v4,benchmark_sem_assertions_com_alinhamento_explicito_v4/E_uint64_t_misaligned.c,E_uint64_t_misaligned.c,1,logs_brutos_cbmc/benchmark_sem_assertions_com_alinhamento_explicito_v4.txt,0.0377
benchmark_sem_assertions_com_alinhamento_explicito_v4,benchmark_sem_assertions_com_alinhamento_explicito_v4/F_uint16_t_aligned.c,F_uint16_t_aligned.c,1,logs_brutos_cbmc/benchmark_sem_assertions_com_alinhamento_explicito_v4.txt,0.0376
benchmark_sem_assertions_com_alinhamento_explicito_v4,benchmark_sem_assertions_com_alinhamento_explicito_v4/F_uint16_t_misaligned.c,F_uint16_t_misaligned.c,1,logs_brutos_cbmc/benchmark_sem_assertions_com_alinhamento_explicito_v4.txt,0.0404
benchmark_sem_assertions_com_alinhamento_explicito_v4,benchmark_sem_assertions_com_alinhamento_explicito_v4/F_uint32_t_aligned.c,F_uint32_t_aligned.c,1,logs_brutos_cbmc/benchmark_sem_assertions_com_alinhamento_explicito_v4.txt,0.0607
benchmark_sem_assertions_com_alinhamento_explicito_v4,benchmark_sem_assertions_com_alinhamento_explicito_v4/F_uint32_t_misaligned.c,F_uint32_t_misaligned.c,1,logs_brutos_cbmc/benchmark_sem_assertions_com_alinhamento_explicito_v4.txt,0.0595
benchmark_sem_assertions_com_alinhamento_explicito_v4,benchmark_sem_assertions_com_alinhamento_explicito_v4/F_uint64_t_aligned.c,F_uint64_t_aligned.c,1,logs_brutos_cbmc/benchmark_sem_assertions_com_alinhamento_explicito_v4.txt,0.0679
benchmark_sem_assertions_com_alinhamento_explicito_v4,benchmark_sem_assertions_com_alinhamento_explicito_v4/F_uint64_t_misaligned.c,F_uint64_t_misaligned.c,1,logs_brutos_cbmc/benchmark_sem_assertions_com_alinhamento_explicito_v4.txt,0.0592
benchmark_sem_assertions_com_alinhamento_explicito_v4,benchmark_sem_assertions_com_alinhamento_explicito_v4/G_uint16_t_aligned.c,G_uint16_t_aligned.c,1,logs_brutos_cbmc/benchmark_sem_assertions_com_alinhamento_explicito_v4.txt,0.0514
benchmark_sem_assertions_com_alinhamento_explicito_v4,benchmark_sem_assertions_com_alinhamento_explicito_v4/G_uint16_t_misaligned.c,G_uint16_t_misaligned.c,1,logs_brutos_cbmc/benchmark_sem_assertions_com_alinhamento_explicito_v4.txt,0.0549
benchmark_sem_assertions_com_alinhamento_explicito_v4,benchmark_sem_assertions_com_alinhamento_explicito_v4/G_uint32_t_aligned.c,G_uint32_t_aligned.c,1,logs_brutos_cbmc/benchmark_sem_assertions_com_alinhamento_explicito_v4.txt,0.0545
benchmark_sem_assertions_com_alinhamento_explicito_v4,benchmark_sem_assertions_com_alinhamento_explicito_v4/G_uint32_t_misaligned.c,G_uint32_t_misaligned.c,1,logs_brutos_cbmc/benchmark_sem_assertions_com_alinhamento_explicito_v4.txt,0.0533
benchmark_sem_assertions_com_alinhamento_explicito_v4,benchmark_sem_assertions_com_alinhamento_explicito_v4/G_uint64_t_aligned.c,G_uint64_t_aligned.c,1,logs_brutos_cbmc/benchmark_sem_assertions_com_alinhamento_explicito_v4.txt,0.0539
benchmark_sem_assertions_com_alinhamento_explicito_v4,benchmark_sem_assertions_com_alinhamento_explicito_v4/G_uint64_t_misaligned.c,G_uint64_t_misaligned.c,1,logs_brutos_cbmc/benchmark_sem_assertions_com_alinhamento_explicito_v4.txt,0.0566
benchmark_sem_assertions_com_alinhamento_explicito_v4,benchmark_sem_assertions_com_alinhamento_explicito_v4/H_uint16_t_aligned.c,H_uint16_t_aligned.c,1,logs_brutos_cbmc/benchmark_sem_assertions_com_alinhamento_explicito_v4.txt,0.0589
benchmark_sem_assertions_com_alinhamento_explicito_v4,benchmark_sem_assertions_com_alinhamento_explicito_v4/H_uint16_t_misaligned.c,H_uint16_t_misaligned.c,1,logs_brutos_cbmc/benchmark_sem_assertions_com_alinhamento_explicito_v4.txt,0.0519
benchmark_sem_assertions_com_alinhamento_explicito_v4,benchmark_sem_assertions_com_alinhamento_explicito_v4/H_uint32_t_aligned.c,H_uint32_t_aligned.c,1,logs_brutos_cbmc/benchmark_sem_assertions_com_alinhamento_explicito_v4.txt,0.0402
benchmark_sem_assertions_com_alinhamento_explicito_v4,benchmark_sem_assertions_com_alinhamento_explicito_v4/H_uint32_t_misaligned.c,H_uint32_t_misaligned.c,1,logs_brutos_cbmc/benchmark_sem_assertions_com_alinhamento_explicito_v4.txt,0.0415
benchmark_sem_assertions_com_alinhamento_explicito_v4,benchmark_sem_assertions_com_alinhamento_explicito_v4/H_uint64_t_aligned.c,H_uint64_t_aligned.c,1,logs_brutos_cbmc/benchmark_sem_assertions_com_alinhamento_explicito_v4.txt,0.0363
benchmark_sem_assertions_com_alinhamento_explicito_v4,benchmark_sem_assertions_com_alinhamento_explicito_v4/H_uint64_t_misaligned.c,H_uint64_t_misaligned.c,1,logs_brutos_cbmc/benchmark_sem_assertions_com_alinhamento_explicito_v4.txt,0.0342
benchmark_sem_assertions_com_alinhamento_explicito_v4,benchmark_sem_assertions_com_alinhamento_explicito_v4/I_uint16_t_aligned.c,I_uint16_t_aligned.c,1,logs_brutos_cbmc/benchmark_sem_assertions_com_alinhamento_explicito_v4.txt,0.0478
benchmark_sem_assertions_com_alinhamento_explicito_v4,benchmark_sem_assertions_com_alinhamento_explicito_v4/I_uint16_t_misaligned.c,I_uint16_t_misaligned.c,1,logs_brutos_cbmc/benchmark_sem_assertions_com_alinhamento_explicito_v4.txt,0.0501
benchmark_sem_assertions_com_alinhamento_explicito_v4,benchmark_sem_assertions_com_alinhamento_explicito_v4/I_uint32_t_aligned.c,I_uint32_t_aligned.c,1,logs_brutos_cbmc/benchmark_sem_assertions_com_alinhamento_explicito_v4.txt,0.0429
benchmark_sem_assertions_com_alinhamento_explicito_v4,benchmark_sem_assertions_com_alinhamento_explicito_v4/I_uint32_t_misaligned.c,I_uint32_t_misaligned.c,1,logs_brutos_cbmc/benchmark_sem_assertions_com_alinhamento_explicito_v4.txt,0.05
benchmark_sem_assertions_com_alinhamento_explicito_v4,benchmark_sem_assertions_com_alinhamento_explicito_v4/I_uint64_t_aligned.c,I_uint64_t_aligned.c,1,logs_brutos_cbmc/benchmark_sem_assertions_com_alinhamento_explicito_v4.txt,0.0442
benchmark_sem_assertions_com_alinhamento_explicito_v4,benchmark_sem_assertions_com_alinhamento_explicito_v4/I_uint64_t_misaligned.c,I_uint64_t_misaligned.c,1,logs_brutos_cbmc/benchmark_sem_assertions_com_alinhamento_explicito_v4.txt,0.0344
benchmark_sem_assertions_com_alinhamento_explicito_v4,benchmark_sem_assertions_com_alinhamento_explicito_v4/J_uint16_t_aligned.c,J_uint16_t_aligned.c,1,logs_brutos_cbmc/benchmark_sem_assertions_com_alinhamento_explicito_v4.txt,0.0377
benchmark_sem_assertions_com_alinhamento_explicito_v4,benchmark_sem_assertions_com_alinhamento_explicito_v4/J_uint16_t_misaligned.c,J_uint16_t_misaligned.c,1,logs_brutos_cbmc/benchmark_sem_assertions_com_alinhamento_explicito_v4.txt,0.0389
benchmark_sem_assertions_com_alinhamento_explicito_v4,benchmark_sem_assertions_com_alinhamento_explicito_v4/J_uint32_t_aligned.c,J_uint32_t_aligned.c,1,logs_brutos_cbmc/benchmark_sem_assertions_com_alinhamento_explicito_v4.txt,0.0348
benchmark_sem_assertions_com_alinhamento_explicito_v4,benchmark_sem_assertions_com_alinhamento_explicito_v4/J_uint32_t_misaligned.c,J_uint32_t_misaligned.c,1,logs_brutos_cbmc/benchmark_sem_assertions_com_alinhamento_explicito_v4.txt,0.0343
benchmark_sem_assertions_com_alinhamento_explicito_v4,benchmark_sem_assertions_com_alinhamento_explicito_v4/J_uint64_t_aligned.c,J_uint64_t_aligned.c,1,logs_brutos_cbmc/benchmark_sem_assertions_com_alinhamento_explicito_v4.txt,0.0344
benchmark_sem_assertions_com_alinhamento_explicito_v4,benchmark_sem_assertions_com_alinhamento_explicito_v4/J_uint64_t_misaligned.c,J_uint64_t_misaligned.c,1,logs_brutos_cbmc/benchmark_sem_assertions_com_alinhamento_explicito_v4.txt,0.0383
benchmark_com_assertions_com_alinhamento_explicito_v4,benchmark_com_assertions_com_alinhamento_explicito_v4/A_uint16_t_aligned.c,A_uint16_t_aligned.c,1,logs_brutos_cbmc/benchmark_com_assertions_com_alinhamento_explicito_v4.txt,0.0392
benchmark_com_assertions_com_alinhamento_explicito_v4,benchmark_com_assertions_com_alinhamento_explicito_v4/A_uint16_t_misaligned.c,A_uint16_t_misaligned.c,1,logs_brutos_cbmc/benchmark_com_assertions_com_alinhamento_explicito_v4.txt,0.0474
benchmark_com_assertions_com_alinhamento_explicito_v4,benchmark_com_assertions_com_alinhamento_explicito_v4/A_uint32_t_aligned.c,A_uint32_t_aligned.c,1,logs_brutos_cbmc/benchmark_com_assertions_com_alinhamento_explicito_v4.txt,0.0365
benchmark_com_assertions_com_alinhamento_explicito_v4,benchmark_com_assertions_com_alinhamento_explicito_v4/A_uint32_t_misaligned.c,A_uint32_t_misaligned.c,1,logs_brutos_cbmc/benchmark_com_assertions_com_alinhamento_explicito_v4.txt,0.037
benchmark_com_assertions_com_alinhamento_explicito_v4,benchmark_com_assertions_com_alinhamento_explicito_v4/A_uint64_t_aligned.c,A_uint64_t_aligned.c,1,logs_brutos_cbmc/benchmark_com_assertions_com_alinhamento_explicito_v4.txt,0.0369
benchmark_com_assertions_com_alinhamento_explicito_v4,benchmark_com_assertions_com_alinhamento_explicito_v4/A_uint64_t_misaligned.c,A_uint64_t_misaligned.c,1,logs_brutos_cbmc/benchmark_com_assertions_com_alinhamento_explicito_v4.txt,0.0475
benchmark_com_assertions_com_alinhamento_explicito_v4,benchmark_com_assertions_com_alinhamento_explicito_v4/B_uint16_t_aligned.c,B_uint16_t_aligned.c,1,logs_brutos_cbmc/benchmark_com_assertions_com_alinhamento_explicito_v4.txt,0.0517
benchmark_com_assertions_com_alinhamento_explicito_v4,benchmark_com_assertions_com_alinhamento_explicito_v4/B_uint16_t_misaligned.c,B_uint16_t_misaligned.c,1,logs_brutos_cbmc/benchmark_com_assertions_com_alinhamento_explicito_v4.txt,0.0381
benchmark_com_assertions_com_alinhamento_explicito_v4,benchmark_com_assertions_com_alinhamento_explicito_v4/B_uint32_t_aligned.c,B_uint32_t_aligned.c,1,logs_brutos_cbmc/benchmark_com_assertions_com_alinhamento_explicito_v4.txt,0.0392
benchmark_com_assertions_com_alinhamento_explicito_v4,benchmark_com_assertions_com_alinhamento_explicito_v4/B_uint32_t_misaligned.c,B_uint32_t_misaligned.c,1,logs_brutos_cbmc/benchmark_com_assertions_com_alinhamento_explicito_v4.txt,0.0391
benchmark_com_assertions_com_alinhamento_explicito_v4,benchmark_com_assertions_com_alinhamento_explicito_v4/B_uint64_t_aligned.c,B_uint64_t_aligned.c,1,logs_brutos_cbmc/benchmark_com_assertions_com_alinhamento_explicito_v4.txt,0.0572
benchmark_com_assertions_com_alinhamento_explicito_v4,benchmark_com_assertions_com_alinhamento_explicito_v4/B_uint64_t_misaligned.c,B_uint64_t_misaligned.c,1,logs_brutos_cbmc/benchmark_com_assertions_com_alinhamento_explicito_v4.txt,0.0577
benchmark_com_assertions_com_alinhamento_explicito_v4,benchmark_com_assertions_com_alinhamento_explicito_v4/C_uint16_t_aligned.c,C_uint16_t_aligned.c,1,logs_brutos_cbmc/benchmark_com_assertions_com_alinhamento_explicito_v4.txt,0.0516
benchmark_com_assertions_com_alinhamento_explicito_v4,benchmark_com_assertions_com_alinhamento_explicito_v4/C_uint16_t_misaligned.c,C_uint16_t_misaligned.c,1,logs_brutos_cbmc/benchmark_com_assertions_com_alinhamento_explicito_v4.txt,0.0417
benchmark_com_assertions_com_alinhamento_explicito_v4,benchmark_com_assertions_com_alinhamento_explicito_v4/C_uint32_t_aligned.c,C_uint32_t_aligned.c,1,logs_brutos_cbmc/benchmark_com_assertions_com_alinhamento_explicito_v4.txt,0.0508
benchmark_com_assertions_com_alinhamento_explicito_v4,benchmark_com_assertions_com_alinhamento_explicito_v4/C_uint32_t_misaligned.c,C_uint32_t_misaligned.c,1,logs_brutos_cbmc/benchmark_com_assertions_com_alinhamento_explicito_v4.txt,0.0377
benchmark_com_assertions_com_alinhamento_explicito_v4,benchmark_com_assertions_com_alinhamento_explicito_v4/C_uint64_t_aligned.c,C_uint64_t_aligned.c,1,logs_brutos_cbmc/benchmark_com_assertions_com_alinhamento_explicito_v4.txt,0.0357
benchmark_com_assertions_com_alinhamento_explicito_v4,benchmark_com_assertions_com_alinhamento_explicito_v4/C_uint64_t_misaligned.c,C_uint64_t_misaligned.c,1,logs_brutos_cbmc/benchmark_com_assertions_com_alinhamento_explicito_v4.txt,0.0468
benchmark_com_assertions_com_alinhamento_explicito_v4,benchmark_com_assertions_com_alinhamento_explicito_v4/D_uint16_t_aligned.c,D_uint16_t_aligned.c,1,logs_brutos_cbmc/benchmark_com_assertions_com_alinhamento_explicito_v4.txt,0.0479
benchmark_com_assertions_com_alinhamento_explicito_v4,benchmark_com_assertions_com_alinhamento_explicito_v4/D_uint16_t_misaligned.c,D_uint16_t_misaligned.c,1,logs_brutos_cbmc/benchmark_com_assertions_com_alinhamento_explicito_v4.txt,0.0401
benchmark_com_assertions_com_alinhamento_explicito_v4,benchmark_com_assertions_com_alinhamento_explicito_v4/D_uint32_t_aligned.c,D_uint32_t_aligned.c,1,logs_brutos_cbmc/benchmark_com_assertions_com_alinhamento_explicito_v4.txt,0.0497
benchmark_com_assertions_com_alinhamento_explicito_v4,benchmark_com_assertions_com_alinhamento_explicito_v4/D_uint32_t_misaligned.c,D_uint32_t_misaligned.c,1,logs_brutos_cbmc/benchmark_com_assertions_com_alinhamento_explicito_v4.txt,0.0525
benchmark_com_assertions_com_alinhamento_explicito_v4,benchmark_com_assertions_com_alinhamento_explicito_v4/D_uint64_t_aligned.c,D_uint64_t_aligned.c,1,logs_brutos_cbmc/benchmark_com_assertions_com_alinhamento_explicito_v4.txt,0.0442
benchmark_com_assertions_com_alinhamento_explicito_v4,benchmark_com_assertions_com_alinhamento_explicito_v4/D_uint64_t_misaligned.c,D_uint64_t_misaligned.c,1,logs_brutos_cbmc/benchmark_com_assertions_com_alinhamento_explicito_v4.txt,0.0552
benchmark_com_assertions_com_alinhamento_explicito_v4,benchmark_com_assertions_com_alinhamento_explicito_v4/E_uint16_t_aligned.c,E_uint16_t_aligned.c,1,logs_brutos_cbmc/benchmark_com_assertions_com_alinhamento_explicito_v4.txt,0.0504
benchmark_com_assertions_com_alinhamento_explicito_v4,benchmark_com_assertions_com_alinhamento_explicito_v4/E_uint16_t_misaligned.c,E_uint16_t_misaligned.c,1,logs_brutos_cbmc/benchmark_com_assertions_com_alinhamento_explicito_v4.txt,0.0495
benchmark_com_assertions_com_alinhamento_explicito_v4,benchmark_com_assertions_com_alinhamento_explicito_v4/E_uint32_t_aligned.c,E_uint32_t_aligned.c,1,logs_brutos_cbmc/benchmark_com_assertions_com_alinhamento_explicito_v4.txt,0.0634
benchmark_com_assertions_com_alinhamento_explicito_v4,benchmark_com_assertions_com_alinhamento_explicito_v4/E_uint32_t_misaligned.c,E_uint32_t_misaligned.c,1,logs_brutos_cbmc/benchmark_com_assertions_com_alinhamento_explicito_v4.txt,0.0646
benchmark_com_assertions_com_alinhamento_explicito_v4,benchmark_com_assertions_com_alinhamento_explicito_v4/E_uint64_t_aligned.c,E_uint64_t_aligned.c,1,logs_brutos_cbmc/benchmark_com_assertions_com_alinhamento_explicito_v4.txt,0.0495
benchmark_com_assertions_com_alinhamento_explicito_v4,benchmark_com_assertions_com_alinhamento_explicito_v4/E_uint64_t_misaligned.c,E_uint64_t_misaligned.c,1,logs_brutos_cbmc/benchmark_com_assertions_com_alinhamento_explicito_v4.txt,0.0568
benchmark_com_assertions_com_alinhamento_explicito_v4,benchmark_com_assertions_com_alinhamento_explicito_v4/F_uint16_t_aligned.c,F_uint16_t_aligned.c,1,logs_brutos_cbmc/benchmark_com_assertions_com_alinhamento_explicito_v4.txt,0.0502
benchmark_com_assertions_com_alinhamento_explicito_v4,benchmark_com_assertions_com_alinhamento_explicito_v4/F_uint16_t_misaligned.c,F_uint16_t_misaligned.c,1,logs_brutos_cbmc/benchmark_com_assertions_com_alinhamento_explicito_v4.txt,0.0482
benchmark_com_assertions_com_alinhamento_explicito_v4,benchmark_com_assertions_com_alinhamento_explicito_v4/F_uint32_t_aligned.c,F_uint32_t_aligned.c,1,logs_brutos_cbmc/benchmark_com_assertions_com_alinhamento_explicito_v4.txt,0.0372
benchmark_com_assertions_com_alinhamento_explicito_v4,benchmark_com_assertions_com_alinhamento_explicito_v4/F_uint32_t_misaligned.c,F_uint32_t_misaligned.c,1,logs_brutos_cbmc/benchmark_com_assertions_com_alinhamento_explicito_v4.txt,0.0374
benchmark_com_assertions_com_alinhamento_explicito_v4,benchmark_com_assertions_com_alinhamento_explicito_v4/F_uint64_t_aligned.c,F_uint64_t_aligned.c,1,logs_brutos_cbmc/benchmark_com_assertions_com_alinhamento_explicito_v4.txt,0.0375
benchmark_com_assertions_com_alinhamento_explicito_v4,benchmark_com_assertions_com_alinhamento_explicito_v4/F_uint64_t_misaligned.c,F_uint64_t_misaligned.c,1,logs_brutos_cbmc/benchmark_com_assertions_com_alinhamento_explicito_v4.txt,0.038
benchmark_com_assertions_com_alinhamento_explicito_v4,benchmark_com_assertions_com_alinhamento_explicito_v4/G_uint16_t_aligned.c,G_uint16_t_aligned.c,1,logs_brutos_cbmc/benchmark_com_assertions_com_alinhamento_explicito_v4.txt,0.0406
benchmark_com_assertions_com_alinhamento_explicito_v4,benchmark_com_assertions_com_alinhamento_explicito_v4/G_uint16_t_misaligned.c,G_uint16_t_misaligned.c,1,logs_brutos_cbmc/benchmark_com_assertions_com_alinhamento_explicito_v4.txt,0.0432
benchmark_com_assertions_com_alinhamento_explicito_v4,benchmark_com_assertions_com_alinhamento_explicito_v4/G_uint32_t_aligned.c,G_uint32_t_aligned.c,1,logs_brutos_cbmc/benchmark_com_assertions_com_alinhamento_explicito_v4.txt,0.0552
benchmark_com_assertions_com_alinhamento_explicito_v4,benchmark_com_assertions_com_alinhamento_explicito_v4/G_uint32_t_misaligned.c,G_uint32_t_misaligned.c,1,logs_brutos_cbmc/benchmark_com_assertions_com_alinhamento_explicito_v4.txt,0.0466
benchmark_com_assertions_com_alinhamento_explicito_v4,benchmark_com_assertions_com_alinhamento_explicito_v4/G_uint64_t_aligned.c,G_uint64_t_aligned.c,1,logs_brutos_cbmc/benchmark_com_assertions_com_alinhamento_explicito_v4.txt,0.0392
benchmark_com_assertions_com_alinhamento_explicito_v4,benchmark_com_assertions_com_alinhamento_explicito_v4/G_uint64_t_misaligned.c,G_uint64_t_misaligned.c,1,logs_brutos_cbmc/benchmark_com_assertions_com_alinhamento_explicito_v4.txt,0.0429
benchmark_com_assertions_com_alinhamento_explicito_v4,benchmark_com_assertions_com_alinhamento_explicito_v4/H_uint16_t_aligned.c,H_uint16_t_aligned.c,1,logs_brutos_cbmc/benchmark_com_assertions_com_alinhamento_explicito_v4.txt,0.0363
benchmark_com_assertions_com_alinhamento_explicito_v4,benchmark_com_assertions_com_alinhamento_explicito_v4/H_uint16_t_misaligned.c,H_uint16_t_misaligned.c,1,logs_brutos_cbmc/benchmark_com_assertions_com_alinhamento_explicito_v4.txt,0.0367
benchmark_com_assertions_com_alinhamento_explicito_v4,benchmark_com_assertions_com_alinhamento_explicito_v4/H_uint32_t_aligned.c,H_uint32_t_aligned.c,1,logs_brutos_cbmc/benchmark_com_assertions_com_alinhamento_explicito_v4.txt,0.0386
benchmark_com_assertions_com_alinhamento_explicito_v4,benchmark_com_assertions_com_alinhamento_explicito_v4/H_uint32_t_misaligned.c,H_uint32_t_misaligned.c,1,logs_brutos_cbmc/benchmark_com_assertions_com_alinhamento_explicito_v4.txt,0.0391
benchmark_com_assertions_com_alinhamento_explicito_v4,benchmark_com_assertions_com_alinhamento_explicito_v4/H_uint64_t_aligned.c,H_uint64_t_aligned.c,1,logs_brutos_cbmc/benchmark_com_assertions_com_alinhamento_explicito_v4.txt,0.0369
benchmark_com_assertions_com_alinhamento_explicito_v4,benchmark_com_assertions_com_alinhamento_explicito_v4/H_uint64_t_misaligned.c,H_uint64_t_misaligned.c,1,logs_brutos_cbmc/benchmark_com_assertions_com_alinhamento_explicito_v4.txt,0.0402
benchmark_com_assertions_com_alinhamento_explicito_v4,benchmark_com_assertions_com_alinhamento_explicito_v4/I_uint16_t_aligned.c,I_uint16_t_aligned.c,1,logs_brutos_cbmc/benchmark_com_assertions_com_alinhamento_explicito_v4.txt,0.0392
benchmark_com_assertions_com_alinhamento_explicito_v4,benchmark_com_assertions_com_alinhamento_explicito_v4/I_uint16_t_misaligned.c,I_uint16_t_misaligned.c,1,logs_brutos_cbmc/benchmark_com_assertions_com_alinhamento_explicito_v4.txt,0.0356
benchmark_com_assertions_com_alinhamento_explicito_v4,benchmark_com_assertions_com_alinhamento_explicito_v4/I_uint32_t_aligned.c,I_uint32_t_aligned.c,1,logs_brutos_cbmc/benchmark_com_assertions_com_alinhamento_explicito_v4.txt,0.0388
benchmark_com_assertions_com_alinhamento_explicito_v4,benchmark_com_assertions_com_alinhamento_explicito_v4/I_uint32_t_misaligned.c,I_uint32_t_misaligned.c,1,logs_brutos_cbmc/benchmark_com_assertions_com_alinhamento_explicito_v4.txt,0.0519
benchmark_com_assertions_com_alinhamento_explicito_v4,benchmark_com_assertions_com_alinhamento_explicito_v4/I_uint64_t_aligned.c,I_uint64_t_aligned.c,1,logs_brutos_cbmc/benchmark_com_assertions_com_alinhamento_explicito_v4.txt,0.05
benchmark_com_assertions_com_alinhamento_explicito_v4,benchmark_com_assertions_com_alinhamento_explicito_v4/I_uint64_t_misaligned.c,I_uint64_t_misaligned.c,1,logs_brutos_cbmc/benchmark_com_assertions_com_alinhamento_explicito_v4.txt,0.0518
benchmark_com_assertions_com_alinhamento_explicito_v4,benchmark_com_assertions_com_alinhamento_explicito_v4/J_uint16_t_aligned.c,J_uint16_t_aligned.c,1,logs_brutos_cbmc/benchmark_com_assertions_com_alinhamento_explicito_v4.txt,0.0508
benchmark_com_assertions_com_alinhamento_explicito_v4,benchmark_com_assertions_com_alinhamento_explicito_v4/J_uint16_t_misaligned.c,J_uint16_t_misaligned.c,1,logs_brutos_cbmc/benchmark_com_assertions_com_alinhamento_explicito_v4.txt,0.0417
benchmark_com_assertions_com_alinhamento_explicito_v4,benchmark_com_assertions_com_alinhamento_explicito_v4/J_uint32_t_aligned.c,J_uint32_t_aligned.c,1,logs_brutos_cbmc/benchmark_com_assertions_com_alinhamento_explicito_v4.txt,0.0367
benchmark_com_assertions_com_alinhamento_explicito_v4,benchmark_com_assertions_com_alinhamento_explicito_v4/J_uint32_t_misaligned.c,J_uint32_t_misaligned.c,1,logs_brutos_cbmc/benchmark_com_assertions_com_alinhamento_explicito_v4.txt,0.0411
benchmark_com_assertions_com_alinhamento_explicito_v4,benchmark_com_assertions_com_alinhamento_explicito_v4/J_uint64_t_aligned.c,J_uint64_t_aligned.c,1,logs_brutos_cbmc/benchmark_com_assertions_com_alinhamento_explicito_v4.txt,0.0364
benchmark_com_assertions_com_alinhamento_explicito_v4,benchmark_com_assertions_com_alinhamento_explicito_v4/J_uint64_t_misaligned.c,J_uint64_t_misaligned.c,1,logs_brutos_cbmc/benchmark_com_assertions_com_alinhamento_explicito_v4.txt,0.0399
benchmark_sem_assertions_alinhamento_natural_v4,benchmark_sem_assertions_alinhamento_natural_v4/A_uint16_t_aligned.c,A_uint16_t_aligned.c,1,logs_brutos_cbmc/benchmark_sem_assertions_alinhamento_natural_v4.txt,0.0371
benchmark_sem_assertions_alinhamento_natural_v4,benchmark_sem_assertions_alinhamento_natural_v4/A_uint16_t_misaligned.c,A_uint16_t_misaligned.c,1,logs_brutos_cbmc/benchmark_sem_assertions_alinhamento_natural_v4.txt,0.0381
benchmark_sem_assertions_alinhamento_natural_v4,benchmark_sem_assertions_alinhamento_natural_v4/A_uint32_t_aligned.c,A_uint32_t_aligned.c,1,logs_brutos_cbmc/benchmark_sem_assertions_alinhamento_natural_v4.txt,0.0414
benchmark_sem_assertions_alinhamento_natural_v4,benchmark_sem_assertions_alinhamento_natural_v4/A_uint32_t_misaligned.c,A_uint32_t_misaligned.c,1,logs_brutos_cbmc/benchmark_sem_assertions_alinhamento_natural_v4.txt,0.0415
benchmark_sem_assertions_alinhamento_natural_v4,benchmark_sem_assertions_alinhamento_natural_v4/A_uint64_t_aligned.c,A_uint64_t_aligned.c,1,logs_brutos_cbmc/benchmark_sem_assertions_alinhamento_natural_v4.txt,0.0356
benchmark_sem_assertions_alinhamento_natural_v4,benchmark_sem_assertions_alinhamento_natural_v4/A_uint64_t_misaligned.c,A_uint64_t_misaligned.c,1,logs_brutos_cbmc/benchmark_sem_assertions_alinhamento_natural_v4.txt,0.0364
benchmark_sem_assertions_alinhamento_natural_v4,benchmark_sem_assertions_alinhamento_natural_v4/B_uint16_t_aligned.c,B_uint16_t_aligned.c,1,logs_brutos_cbmc/benchmark_sem_assertions_alinhamento_natural_v4.txt,0.0347
benchmark_sem_assertions_alinhamento_natural_v4,benchmark_sem_assertions_alinhamento_natural_v4/B_uint16_t_misaligned.c,B_uint16_t_misaligned.c,1,logs_brutos_cbmc/benchmark_sem_assertions_alinhamento_natural_v4.txt,0.0428
benchmark_sem_assertions_alinhamento_natural_v4,benchmark_sem_assertions_alinhamento_natural_v4/B_uint32_t_aligned.c,B_uint32_t_aligned.c,1,logs_brutos_cbmc/benchmark_sem_assertions_alinhamento_natural_v4.txt,0.0478
benchmark_sem_assertions_alinhamento_natural_v4,benchmark_sem_assertions_alinhamento_natural_v4/B_uint32_t_misaligned.c,B_uint32_t_misaligned.c,1,logs_brutos_cbmc/benchmark_sem_assertions_alinhamento_natural_v4.txt,0.0485
benchmark_sem_assertions_alinhamento_natural_v4,benchmark_sem_assertions_alinhamento_natural_v4/B_uint64_t_aligned.c,B_uint64_t_aligned.c,1,logs_brutos_cbmc/benchmark_sem_assertions_alinhamento_natural_v4.txt,0.0486
benchmark_sem_assertions_alinhamento_natural_v4,benchmark_sem_assertions_alinhamento_natural_v4/B_uint64_t_misaligned.c,B_uint64_t_misaligned.c,1,logs_brutos_cbmc/benchmark_sem_assertions_alinhamento_natural_v4.txt,0.0537
benchmark_sem_assertions_alinhamento_natural_v4,benchmark_sem_assertions_alinhamento_natural_v4/C_uint16_t_aligned.c,C_uint16_t_aligned.c,1,logs_brutos_cbmc/benchmark_sem_assertions_alinhamento_natural_v4.txt,0.0622
benchmark_sem_assertions_alinhamento_natural_v4,benchmark_sem_assertions_alinhamento_natural_v4/C_uint16_t_misaligned.c,C_uint16_t_misaligned.c,1,logs_brutos_cbmc/benchmark_sem_assertions_alinhamento_natural_v4.txt,0.0366
benchmark_sem_assertions_alinhamento_natural_v4,benchmark_sem_assertions_alinhamento_natural_v4/C_uint32_t_aligned.c,C_uint32_t_aligned.c,1,logs_brutos_cbmc/benchmark_sem_assertions_alinhamento_natural_v4.txt,0.0366
benchmark_sem_assertions_alinhamento_natural_v4,benchmark_sem_assertions_alinhamento_natural_v4/C_uint32_t_misaligned.c,C_uint32_t_misaligned.c,1,logs_brutos_cbmc/benchmark_sem_assertions_alinhamento_natural_v4.txt,0.0337
benchmark_sem_assertions_alinhamento_natural_v4,benchmark_sem_assertions_alinhamento_natural_v4/C_uint64_t_aligned.c,C_uint64_t_aligned.c,1,logs_brutos_cbmc/benchmark_sem_assertions_alinhamento_natural_v4.txt,0.0352
benchmark_sem_assertions_alinhamento_natural_v4,benchmark_sem_assertions_alinhamento_natural_v4/C_uint64_t_misaligned.c,C_uint64_t_misaligned.c,1,logs_brutos_cbmc/benchmark_sem_assertions_alinhamento_natural_v4.txt,0.0342
benchmark_sem_assertions_alinhamento_natural_v4,benchmark_sem_assertions_alinhamento_natural_v4/D_uint16_t_aligned.c,D_uint16_t_aligned.c,1,logs_brutos_cbmc/benchmark_sem_assertions_alinhamento_natural_v4.txt,0.0367
benchmark_sem_assertions_alinhamento_natural_v4,benchmark_sem_assertions_alinhamento_natural_v4/D_uint16_t_misaligned.c,D_uint16_t_misaligned.c,1,logs_brutos_cbmc/benchmark_sem_assertions_alinhamento_natural_v4.txt,0.0369
benchmark_sem_assertions_alinhamento_natural_v4,benchmark_sem_assertions_alinhamento_natural_v4/D_uint32_t_aligned.c,D_uint32_t_aligned.c,1,logs_brutos_cbmc/benchmark_sem_assertions_alinhamento_natural_v4.txt,0.0475
benchmark_sem_assertions_alinhamento_natural_v4,benchmark_sem_assertions_alinhamento_natural_v4/D_uint32_t_misaligned.c,D_uint32_t_misaligned.c,1,logs_brutos_cbmc/benchmark_sem_assertions_alinhamento_natural_v4.txt,0.0374
benchmark_sem_assertions_alinhamento_natural_v4,benchmark_sem_assertions_alinhamento_natural_v4/D_uint64_t_aligned.c,D_uint64_t_aligned.c,1,logs_brutos_cbmc/benchmark_sem_assertions_alinhamento_natural_v4.txt,0.0474
benchmark_sem_assertions_alinhamento_natural_v4,benchmark_sem_assertions_alinhamento_natural_v4/D_uint64_t_misaligned.c,D_uint64_t_misaligned.c,1,logs_brutos_cbmc/benchmark_sem_assertions_alinhamento_natural_v4.txt,0.0345
benchmark_sem_assertions_alinhamento_natural_v4,benchmark_sem_assertions_alinhamento_natural_v4/E_uint16_t_aligned.c,E_uint16_t_aligned.c,1,logs_brutos_cbmc/benchmark_sem_assertions_alinhamento_natural_v4.txt,0.0409
benchmark_sem_assertions_alinhamento_natural_v4,benchmark_sem_assertions_alinhamento_natural_v4/E_uint16_t_misaligned.c,E_uint16_t_misaligned.c,1,logs_brutos_cbmc/benchmark_sem_assertions_alinhamento_natural_v4.txt,0.0372
benchmark_sem_assertions_alinhamento_natural_v4,benchmark_sem_assertions_alinhamento_natural_v4/E_uint32_t_aligned.c,E_uint32_t_aligned.c,1,logs_brutos_cbmc/benchmark_sem_assertions_alinhamento_natural_v4.txt,0.0381
benchmark_sem_assertions_alinhamento_natural_v4,benchmark_sem_assertions_alinhamento_natural_v4/E_uint32_t_misaligned.c,E_uint32_t_misaligned.c,1,logs_brutos_cbmc/benchmark_sem_assertions_alinhamento_natural_v4.txt,0.0456
benchmark_sem_assertions_alinhamento_natural_v4,benchmark_sem_assertions_alinhamento_natural_v4/E_uint64_t_aligned.c,E_uint64_t_aligned.c,1,logs_brutos_cbmc/benchmark_sem_assertions_alinhamento_natural_v4.txt,0.0593
benchmark_sem_assertions_alinhamento_natural_v4,benchmark_sem_assertions_alinhamento_natural_v4/E_uint64_t_misaligned.c,E_uint64_t_misaligned.c,1,logs_brutos_cbmc/benchmark_sem_assertions_alinhamento_natural_v4.txt,0.0569
benchmark_sem_assertions_alinhamento_natural_v4,benchmark_sem_assertions_alinhamento_natural_v4/F_uint16_t_aligned.c,F_uint16_t_aligned.c,1,logs_brutos_cbmc/benchmark_sem_assertions_alinhamento_natural_v4.txt,0.0494
benchmark_sem_assertions_alinhamento_natural_v4,benchmark_sem_assertions_alinhamento_natural_v4/F_uint16_t_misaligned.c,F_uint16_t_misaligned.c,1,logs_brutos_cbmc/benchmark_sem_assertions_alinhamento_natural_v4.txt,0.0536
benchmark_sem_assertions_alinhamento_natural_v4,benchmark_sem_assertions_alinhamento_natural_v4/F_uint32_t_aligned.c,F_uint32_t_aligned.c,1,logs_brutos_cbmc/benchmark_sem_assertions_alinhamento_natural_v4.txt,0.0518
benchmark_sem_assertions_alinhamento_natural_v4,benchmark_sem_assertions_alinhamento_natural_v4/F_uint32_t_misaligned.c,F_uint32_t_misaligned.c,1,logs_brutos_cbmc/benchmark_sem_assertions_alinhamento_natural_v4.txt,0.05
benchmark_sem_assertions_alinhamento_natural_v4,benchmark_sem_assertions_alinhamento_natural_v4/F_uint64_t_aligned.c,F_uint64_t_aligned.c,1,logs_brutos_cbmc/benchmark_sem_assertions_alinhamento_natural_v4.txt,0.0496
benchmark_sem_assertions_alinhamento_natural_v4,benchmark_sem_assertions_alinhamento_natural_v4/F_uint64_t_misaligned.c,F_uint64_t_misaligned.c,1,logs_brutos_cbmc/benchmark_sem_assertions_alinhamento_natural_v4.txt,0.0519
benchmark_sem_assertions_alinhamento_natural_v4,benchmark_sem_assertions_alinhamento_natural_v4/G_uint16_t_aligned.c,G_uint16_t_aligned.c,1,logs_brutos_cbmc/benchmark_sem_assertions_alinhamento_natural_v4.txt,0.0497
benchmark_sem_assertions_alinhamento_natural_v4,benchmark_sem_assertions_alinhamento_natural_v4/G_uint16_t_misaligned.c,G_uint16_t_misaligned.c,1,logs_brutos_cbmc/benchmark_sem_assertions_alinhamento_natural_v4.txt,0.0503
benchmark_sem_assertions_alinhamento_natural_v4,benchmark_sem_assertions_alinhamento_natural_v4/G_uint32_t_aligned.c,G_uint32_t_aligned.c,1,logs_brutos_cbmc/benchmark_sem_assertions_alinhamento_natural_v4.txt,0.0531
benchmark_sem_assertions_alinhamento_natural_v4,benchmark_sem_assertions_alinhamento_natural_v4/G_uint32_t_misaligned.c,G_uint32_t_misaligned.c,1,logs_brutos_cbmc/benchmark_sem_assertions_alinhamento_natural_v4.txt,0.054
benchmark_sem_assertions_alinhamento_natural_v4,benchmark_sem_assertions_alinhamento_natural_v4/G_uint64_t_aligned.c,G_uint64_t_aligned.c,1,logs_brutos_cbmc/benchmark_sem_assertions_alinhamento_natural_v4.txt,0.0516
benchmark_sem_assertions_alinhamento_natural_v4,benchmark_sem_assertions_alinhamento_natural_v4/G_uint64_t_misaligned.c,G_uint64_t_misaligned.c,1,logs_brutos_cbmc/benchmark_sem_assertions_alinhamento_natural_v4.txt,0.0532
benchmark_sem_assertions_alinhamento_natural_v4,benchmark_sem_assertions_alinhamento_natural_v4/H_uint16_t_aligned.c,H_uint16_t_aligned.c,1,logs_brutos_cbmc/benchmark_sem_assertions_alinhamento_natural_v4.txt,0.0525
benchmark_sem_assertions_alinhamento_natural_v4,benchmark_sem_assertions_alinhamento_natural_v4/H_uint16_t_misaligned.c,H_uint16_t_misaligned.c,1,logs_brutos_cbmc/benchmark_sem_assertions_alinhamento_natural_v4.txt,0.0378
benchmark_sem_assertions_alinhamento_natural_v4,benchmark_sem_assertions_alinhamento_natural_v4/H_uint32_t_aligned.c,H_uint32_t_aligned.c,1,logs_brutos_cbmc/benchmark_sem_assertions_alinhamento_natural_v4.txt,0.0363
benchmark_sem_assertions_alinhamento_natural_v4,benchmark_sem_assertions_alinhamento_natural_v4/H_uint32_t_misaligned.c,H_uint32_t_misaligned.c,1,logs_brutos_cbmc/benchmark_sem_assertions_alinhamento_natural_v4.txt,0.0472
benchmark_sem_assertions_alinhamento_natural_v4,benchmark_sem_assertions_alinhamento_natural_v4/H_uint64_t_aligned.c,H_uint64_t_aligned.c,1,logs_brutos_cbmc/benchmark_sem_assertions_alinhamento_natural_v4.txt,0.0536
benchmark_sem_assertions_alinhamento_natural_v4,benchmark_sem_assertions_alinhamento_natural_v4/H_uint64_t_misaligned.c,H_uint64_t_misaligned.c,1,logs_brutos_cbmc/benchmark_sem_assertions_alinhamento_natural_v4.txt,0.0371
benchmark_sem_assertions_alinhamento_natural_v4,benchmark_sem_assertions_alinhamento_natural_v4/I_uint16_t_aligned.c,I_uint16_t_aligned.c,1,logs_brutos_cbmc/benchmark_sem_assertions_alinhamento_natural_v4.txt,0.0435
benchmark_sem_assertions_alinhamento_natural_v4,benchmark_sem_assertions_alinhamento_natural_v4/I_uint16_t_misaligned.c,I_uint16_t_misaligned.c,1,logs_brutos_cbmc/benchmark_sem_assertions_alinhamento_natural_v4.txt,0.0385
benchmark_sem_assertions_alinhamento_natural_v4,benchmark_sem_assertions_alinhamento_natural_v4/I_uint32_t_aligned.c,I_uint32_t_aligned.c,1,logs_brutos_cbmc/benchmark_sem_assertions_alinhamento_natural_v4.txt,0.0517
benchmark_sem_assertions_alinhamento_natural_v4,benchmark_sem_assertions_alinhamento_natural_v4/I_uint32_t_misaligned.c,I_uint32_t_misaligned.c,1,logs_brutos_cbmc/benchmark_sem_assertions_alinhamento_natural_v4.txt,0.0529
benchmark_sem_assertions_alinhamento_natural_v4,benchmark_sem_assertions_alinhamento_natural_v4/I_uint64_t_aligned.c,I_uint64_t_aligned.c,1,logs_brutos_cbmc/benchmark_sem_assertions_alinhamento_natural_v4.txt,0.0529
benchmark_sem_assertions_alinhamento_natural_v4,benchmark_sem_assertions_alinhamento_natural_v4/I_uint64_t_misaligned.c,I_uint64_t_misaligned.c,1,logs_brutos_cbmc/benchmark_sem_assertions_alinhamento_natural_v4.txt,0.0484
benchmark_sem_assertions_alinhamento_natural_v4,benchmark_sem_assertions_alinhamento_natural_v4/J_uint16_t_aligned.c,J_uint16_t_aligned.c,1,logs_brutos_cbmc/benchmark_sem_assertions_alinhamento_natural_v4.txt,0.0459
benchmark_sem_assertions_alinhamento_natural_v4,benchmark_sem_assertions_alinhamento_natural_v4/J_uint16_t_misaligned.c,J_uint16_t_misaligned.c,1,logs_brutos_cbmc/benchmark_sem_assertions_alinhamento_natural_v4.txt,0.0372
benchmark_sem_assertions_alinhamento_natural_v4,benchmark_sem_assertions_alinhamento_natural_v4/J_uint32_t_aligned.c,J_uint32_t_aligned.c,1,logs_brutos_cbmc/benchmark_sem_assertions_alinhamento_natural_v4.txt,0.0508
benchmark_sem_assertions_alinhamento_natural_v4,benchmark_sem_assertions_alinhamento_natural_v4/J_uint32_t_misaligned.c,J_uint32_t_misaligned.c,1,logs_brutos_cbmc/benchmark_sem_assertions_alinhamento_natural_v4.txt,0.0516
benchmark_sem_assertions_alinhamento_natural_v4,benchmark_sem_assertions_alinhamento_natural_v4/J_uint64_t_aligned.c,J_uint64_t_aligned.c,1,logs_brutos_cbmc/benchmark_sem_assertions_alinhamento_natural_v4.txt,0.0512
benchmark_sem_assertions_alinhamento_natural_v4,benchmark_sem_assertions_alinhamento_natural_v4/J_uint64_t_misaligned.c,J_uint64_t_misaligned.c,1,logs_brutos_cbmc/benchmark_sem_assertions_alinhamento_natural_v4.txt,0.0532
